<?xml version="1.0" encoding="UTF-8"?>
<!DOCTYPE codetemplates PUBLIC "-//NetBeans//DTD Editor Code Templates settings 1.0//EN" "http://www.netbeans.org/dtds/EditorCodeTemplates-1_0.dtd">
<codetemplates>
    <codetemplate abbreviation="swi" contexts="php-code" uuid="org.netbeans.modules.php.editor.codetemplate.switch" xml:space="preserve">
        <code><![CDATA[switch (${VARIABLE variableFromPreviousAssignment default="$variable"}):
    case ${$value}:
        ${selection}${cursor}
    break;

    default:
    break;
endswitch;]]></code>
    </codetemplate>
    <codetemplate abbreviation="elif" contexts="php-code" uuid="org.netbeans.modules.php.editor.codetemplate.elif" xml:space="preserve">
        <code><![CDATA[elseif (${CONDITION variableFromPreviousAssignment instanceof="boolean" default="true"}):
    ${selection}${cursor}]]></code>
    </codetemplate>
    <codetemplate abbreviation="fore" contexts="php-code" uuid="org.netbeans.modules.php.editor.codetemplate.foreach" xml:space="preserve">
        <code><![CDATA[foreach (${ARRAY variableFromPreviousAssignment instanceof="array" default="$array"} as $$${value}):
    ${selection}${cursor}
endforeach;]]></code>
    </codetemplate>
    <codetemplate abbreviation="while" contexts="php-code" uuid="org.netbeans.modules.php.editor.codetemplate.while" xml:space="preserve">
        <code><![CDATA[while (${CONDITION variableFromPreviousAssignment instanceof="boolean" default="true"}):
    ${selection}${cursor}
endwhile;]]></code>
    </codetemplate>
    <codetemplate abbreviation="if" contexts="php-code" uuid="org.netbeans.modules.php.editor.codetemplate.if" xml:space="preserve">
        <code><![CDATA[if (${CONDITION variableFromPreviousAssignment instanceof="boolean" default="true"}) :
    ${selection}${cursor}
endif;]]></code>
    </codetemplate>
    <codetemplate abbreviation="els" contexts="php-code" uuid="org.netbeans.modules.php.editor.codetemplate.else" xml:space="preserve">
        <code><![CDATA[else:
    ${selection}${cursor}]]></code>
    </codetemplate>
    <codetemplate abbreviation="forek" contexts="php-code" uuid="org.netbeans.modules.php.editor.codetemplate.foreachkey" xml:space="preserve">
        <code><![CDATA[foreach (${ARRAY variableFromPreviousAssignment instanceof="array" default="$array"} as $$${key} => $$${value}):
    ${selection}${cursor}
endforeach;]]></code>
    </codetemplate>
</codetemplates>
